{
	"sources" : 
	[
		{
			"file" : "/home/user/Desktop/cpp_labs/master-programming-task/lab5/_deps/catch2-subbuild/CMakeFiles/catch2-populate"
		},
		{
			"file" : "/home/user/Desktop/cpp_labs/master-programming-task/lab5/_deps/catch2-subbuild/CMakeFiles/catch2-populate.rule"
		},
		{
			"file" : "/home/user/Desktop/cpp_labs/master-programming-task/lab5/_deps/catch2-subbuild/CMakeFiles/catch2-populate-complete.rule"
		},
		{
			"file" : "/home/user/Desktop/cpp_labs/master-programming-task/lab5/_deps/catch2-subbuild/catch2-populate-prefix/src/catch2-populate-stamp/catch2-populate-build.rule"
		},
		{
			"file" : "/home/user/Desktop/cpp_labs/master-programming-task/lab5/_deps/catch2-subbuild/catch2-populate-prefix/src/catch2-populate-stamp/catch2-populate-configure.rule"
		},
		{
			"file" : "/home/user/Desktop/cpp_labs/master-programming-task/lab5/_deps/catch2-subbuild/catch2-populate-prefix/src/catch2-populate-stamp/catch2-populate-download.rule"
		},
		{
			"file" : "/home/user/Desktop/cpp_labs/master-programming-task/lab5/_deps/catch2-subbuild/catch2-populate-prefix/src/catch2-populate-stamp/catch2-populate-install.rule"
		},
		{
			"file" : "/home/user/Desktop/cpp_labs/master-programming-task/lab5/_deps/catch2-subbuild/catch2-populate-prefix/src/catch2-populate-stamp/catch2-populate-mkdir.rule"
		},
		{
			"file" : "/home/user/Desktop/cpp_labs/master-programming-task/lab5/_deps/catch2-subbuild/catch2-populate-prefix/src/catch2-populate-stamp/catch2-populate-patch.rule"
		},
		{
			"file" : "/home/user/Desktop/cpp_labs/master-programming-task/lab5/_deps/catch2-subbuild/catch2-populate-prefix/src/catch2-populate-stamp/catch2-populate-test.rule"
		},
		{
			"file" : "/home/user/Desktop/cpp_labs/master-programming-task/lab5/_deps/catch2-subbuild/catch2-populate-prefix/src/catch2-populate-stamp/catch2-populate-update.rule"
		}
	],
	"target" : 
	{
		"labels" : 
		[
			"catch2-populate"
		],
		"name" : "catch2-populate"
	}
}